Date,Home_Team,Away_Team,Full_Time_Result,Home_Full_Time_Goals,Away_Full_Time_Goals,Home_Shots,Away_Shots,Home_Shots_On_Target,Away_Shots_On_Target,Home_Corners,Away_Corners,Home_Fouls,Away_Fouls,Home_Yellow_Cards,Away_Yellow_Cards,Home_Red_Cards,Away_Red_Cards,Home_Bet365_Odds,Draw_Bet365_Odds,Away_Bet365_Odds,Home_Pinnacle_Odds,Draw_Pinnacle_Odds,Away_Pinnacle_Odds,Season
2021-08-13,Brentford,Arsenal,H,2,0,8,22,3,4,2,5,12,8,0,0,0,0,4,3.4,1.95,3.94,3.33,2.13,2021-2022
2021-08-14,Man United,Leeds,H,5,1,16,10,8,3,5,4,11,9,1,2,0,0,1.53,4.5,5.75,1.67,4.2,5.4,2021-2022
2021-08-14,Burnley,Brighton,A,1,2,14,14,3,8,7,6,10,7,2,1,0,0,3.1,3.1,2.45,3.27,3.14,2.51,2021-2022
2021-08-14,Chelsea,Crystal Palace,H,3,0,13,4,6,1,5,2,15,11,0,0,0,0,1.25,5.75,13,1.34,5.4,11,2021-2022
2021-08-14,Everton,Southampton,H,3,1,14,6,6,3,6,8,13,15,2,0,0,0,1.9,3.5,4,2.05,3.45,4.07,2021-2022
2021-08-14,Leicester,Wolves,H,1,0,9,17,5,3,5,4,6,10,1,2,0,0,1.66,3.8,5.25,1.76,3.77,5.22,2021-2022
2021-08-14,Watford,Aston Villa,H,3,2,13,11,7,2,2,4,18,13,3,1,0,0,3.1,3.2,2.37,3.68,3.35,2.21,2021-2022
2021-08-14,Norwich,Liverpool,A,0,3,14,19,3,8,3,11,4,14,1,1,0,0,9,5.75,1.3,7,4.9,1.48,2021-2022
2021-08-15,Newcastle,West Ham,A,2,4,17,8,3,9,7,6,4,3,1,0,0,0,3.2,3.5,2.2,3.46,3.55,2.21,2021-2022
2021-08-15,Tottenham,Man City,H,1,0,13,18,3,4,3,11,11,8,2,1,0,0,5.5,4.2,1.6,5.97,4.25,1.61,2021-2022
2021-08-21,Liverpool,Burnley,H,2,0,27,9,9,3,8,4,6,12,0,0,0,0,1.18,7.5,13,1.25,6.75,13.5,2021-2022
2021-08-21,Aston Villa,Newcastle,H,2,0,10,9,2,1,3,4,8,18,3,4,0,0,1.8,3.75,4.33,1.87,3.83,4.39,2021-2022
2021-08-21,Crystal Palace,Brentford,D,0,0,7,14,2,3,3,5,12,9,3,1,0,0,2.55,3.2,2.87,2.68,3.2,2.97,2021-2022
2021-08-21,Leeds,Everton,D,2,2,17,17,4,8,8,5,6,13,2,4,0,0,2.37,3.4,3,2.15,3.52,3.65,2021-2022
2021-08-21,Man City,Norwich,H,5,0,16,1,4,0,6,1,13,7,1,0,0,0,1.08,11,26,1.13,10,26,2021-2022
2021-08-21,Brighton,Watford,H,2,0,13,10,3,1,7,2,11,6,4,0,0,0,1.7,3.5,5.75,1.78,3.55,5.6,2021-2022
2021-08-22,Southampton,Man United,D,1,1,8,15,3,4,7,7,12,10,2,3,0,0,5.5,4.2,1.57,5.7,4.45,1.61,2021-2022
2021-08-22,Wolves,Tottenham,A,0,1,25,8,6,6,5,4,9,7,1,4,0,0,3.2,3.2,2.35,2.95,3.09,2.79,2021-2022
2021-08-22,Arsenal,Chelsea,A,0,2,6,22,3,5,9,8,10,4,3,0,0,0,4.75,3.75,1.72,4.5,3.56,1.93,2021-2022
2021-08-23,West Ham,Leicester,H,4,1,13,5,7,1,10,0,8,8,0,1,0,1,2.5,3.5,2.75,2.52,3.5,2.95,2021-2022
2021-08-28,Man City,Arsenal,H,5,0,25,1,10,0,14,0,5,7,1,2,0,1,1.25,6,12,1.36,5.2,10.5,2021-2022
2021-08-28,Aston Villa,Brentford,D,1,1,7,9,5,2,3,2,15,14,3,3,0,0,1.95,3.6,3.8,2.1,3.33,4.07,2021-2022
2021-08-28,Brighton,Everton,A,0,2,14,14,3,5,4,5,7,9,1,2,0,0,2.3,3.2,3.3,2.35,3.26,3.46,2021-2022
2021-08-28,Newcastle,Southampton,D,2,2,10,22,5,6,4,4,11,6,3,3,0,0,2.5,3.4,2.8,2.51,3.59,2.89,2021-2022
2021-08-28,Norwich,Leicester,A,1,2,14,9,4,3,9,9,8,9,2,1,0,0,4.5,3.5,1.85,4.4,3.67,1.91,2021-2022
2021-08-28,West Ham,Crystal Palace,D,2,2,14,9,4,2,5,3,10,7,1,0,0,0,1.55,4,6.5,1.59,4,6.8,2021-2022
2021-08-28,Liverpool,Chelsea,D,1,1,24,6,7,3,12,3,13,4,0,2,0,1,2.45,3.3,2.9,2.47,3.36,3.13,2021-2022
2021-08-29,Burnley,Leeds,D,1,1,12,12,3,2,5,5,13,9,4,3,0,0,3.1,3.5,2.25,3.35,3.6,2.24,2021-2022
2021-08-29,Tottenham,Watford,H,1,0,15,9,8,2,10,3,8,14,3,3,0,0,1.36,4.75,9,1.44,4.65,8.5,2021-2022
2021-08-29,Wolves,Man United,A,0,1,15,10,6,3,5,7,7,9,3,4,0,0,5,3.5,1.75,4.93,3.8,1.79,2021-2022
2021-09-11,Crystal Palace,Tottenham,H,3,0,18,2,4,1,8,2,13,15,2,1,0,1,4.2,3.5,1.9,3.95,3.33,2.13,2021-2022
2021-09-11,Arsenal,Norwich,H,1,0,30,10,7,1,8,4,9,11,1,2,0,0,1.5,4.6,6,1.44,4.91,7.9,2021-2022
2021-09-11,Brentford,Brighton,A,0,1,7,4,1,2,1,6,9,12,3,2,0,0,2.8,3.2,2.62,3.14,3,2.7,2021-2022
2021-09-11,Leicester,Man City,A,0,1,6,25,1,8,5,8,4,11,1,2,0,0,6,4,1.57,5.62,4.15,1.65,2021-2022
2021-09-11,Man United,Newcastle,H,4,1,21,12,7,3,7,3,9,2,1,0,0,0,1.18,7.5,15,1.2,7.45,15.76,2021-2022
2021-09-11,Southampton,West Ham,D,0,0,11,13,3,3,5,4,10,12,3,1,0,1,2.9,3.5,2.4,3.16,3.55,2.36,2021-2022
2021-09-11,Watford,Wolves,A,0,2,6,14,2,5,6,8,15,13,3,3,0,0,3.4,3.2,2.25,3.67,3.21,2.28,2021-2022
2021-09-11,Chelsea,Aston Villa,H,3,0,12,18,4,6,4,11,11,11,1,4,0,0,1.28,5.5,11,1.35,5.38,10.33,2021-2022
2021-09-12,Leeds,Liverpool,A,0,3,9,30,4,9,2,11,9,8,2,1,1,0,4.33,4,1.75,5.04,4.48,1.66,2021-2022
2021-09-13,Everton,Burnley,H,3,1,14,11,6,6,4,6,3,6,1,1,0,0,1.7,3.75,5,1.78,3.53,5.58,2021-2022
2021-09-17,Newcastle,Leeds,D,1,1,17,22,7,9,4,5,9,11,2,2,0,0,3,3.6,2.3,3.25,3.74,2.23,2021-2022
2021-09-18,Wolves,Brentford,A,0,2,11,9,0,3,4,2,10,7,4,2,0,1,1.83,3.25,5,1.83,3.42,5.38,2021-2022
2021-09-18,Burnley,Arsenal,A,0,1,18,13,3,3,8,3,9,8,2,1,0,0,3.8,3.6,1.95,3.94,3.79,1.98,2021-2022
2021-09-18,Liverpool,Crystal Palace,H,3,0,25,13,10,2,10,5,17,11,3,1,0,0,1.2,7,13,1.29,6.13,11.57,2021-2022
2021-09-18,Man City,Southampton,D,0,0,18,10,1,2,8,5,5,12,0,2,0,0,1.12,9.5,17,1.18,8.18,16.74,2021-2022
2021-09-18,Norwich,Watford,A,1,3,12,12,5,8,4,8,10,14,1,1,0,0,2.15,3.3,3.5,2.41,3.29,3.31,2021-2022
2021-09-18,Aston Villa,Everton,H,3,0,15,11,3,1,5,4,7,10,1,1,0,0,2.4,3.3,3,2.18,3.46,3.65,2021-2022
2021-09-19,Brighton,Leicester,H,2,1,12,14,5,3,4,9,8,10,2,1,0,0,2.7,3.2,2.75,2.55,3.23,3.12,2021-2022
2021-09-19,West Ham,Man United,A,1,2,13,17,4,10,2,11,5,8,0,0,0,0,4.33,4,1.75,4.31,3.79,1.89,2021-2022
2021-09-19,Tottenham,Chelsea,A,0,3,8,20,2,10,5,11,4,15,0,1,0,0,5,3.8,1.7,4.2,3.4,2.04,2021-2022
2021-09-25,Chelsea,Man City,A,0,1,5,15,0,4,4,13,12,10,3,2,0,0,2.62,3.2,2.75,2.92,3.21,2.72,2021-2022
2021-09-25,Man United,Aston Villa,A,0,1,28,7,4,3,5,5,9,13,2,2,0,0,1.36,5.25,8,1.42,5.1,7.95,2021-2022
2021-09-25,Everton,Norwich,H,2,0,11,10,4,2,6,4,12,9,2,3,0,0,1.61,3.8,5.75,1.7,3.82,5.72,2021-2022
2021-09-25,Leeds,West Ham,A,1,2,15,20,5,7,5,7,10,6,3,2,0,0,3,3.6,2.25,3.08,3.62,2.38,2021-2022
2021-09-25,Leicester,Burnley,D,2,2,22,9,5,3,8,4,10,8,2,4,0,0,1.57,4,6,1.71,3.9,5.39,2021-2022
2021-09-25,Watford,Newcastle,D,1,1,15,20,4,6,5,6,19,12,4,3,0,0,2.2,3.4,3.3,2.16,3.57,3.59,2021-2022
2021-09-25,Brentford,Liverpool,D,3,3,12,16,4,6,2,11,8,7,1,1,0,0,7,4.5,1.45,7.88,4.98,1.43,2021-2022
2021-09-26,Southampton,Wolves,A,0,1,18,5,6,3,5,5,12,8,0,0,0,0,2.62,3.2,2.8,2.15,3.42,3.78,2021-2022
2021-09-26,Arsenal,Tottenham,H,3,1,12,10,7,4,4,4,12,13,2,1,0,0,2.15,3.3,3.5,2.25,3.4,3.53,2021-2022
2021-09-27,Crystal Palace,Brighton,D,1,1,8,8,3,4,6,5,12,10,2,3,0,0,3.1,3.2,2.45,2.96,3.14,2.74,2021-2022
2021-10-02,Man United,Everton,D,1,1,13,12,6,2,10,1,10,9,1,1,0,0,1.45,4.33,7.5,1.56,4.33,6.57,2021-2022
2021-10-02,Burnley,Norwich,D,0,0,14,10,4,2,9,5,13,3,5,2,0,0,1.85,3.6,4.33,1.99,3.6,4.12,2021-2022
2021-10-02,Chelsea,Southampton,H,3,1,20,6,9,2,7,2,11,13,1,3,0,1,1.36,4.75,9,1.46,4.71,7.79,2021-2022
2021-10-02,Leeds,Watford,H,1,0,20,5,4,1,6,3,10,16,0,3,0,0,1.7,4,4.75,1.78,3.98,4.74,2021-2022
2021-10-02,Wolves,Newcastle,H,2,1,7,8,3,2,0,4,15,5,0,2,0,0,1.61,4.2,5.25,1.83,3.72,4.77,2021-2022
2021-10-02,Brighton,Arsenal,D,0,0,21,8,2,2,8,5,8,5,2,1,0,0,3,3.25,2.4,3.31,3.4,2.35,2021-2022
2021-10-03,Crystal Palace,Leicester,D,2,2,18,9,4,5,1,3,15,11,2,3,0,0,3.1,3.4,2.3,2.87,3.3,2.7,2021-2022
2021-10-03,Tottenham,Aston Villa,H,2,1,17,14,8,3,5,8,11,14,2,1,0,0,2.1,3.6,3.4,2.14,3.47,3.74,2021-2022
2021-10-03,West Ham,Brentford,A,1,2,18,13,5,6,11,6,16,13,2,3,0,0,1.75,3.75,4.75,1.76,3.85,5.13,2021-2022
2021-10-03,Liverpool,Man City,D,2,2,6,12,4,3,3,4,10,12,3,3,0,0,2.87,3.5,2.4,3.12,3.54,2.38,2021-2022
2021-10-16,Watford,Liverpool,A,0,5,6,19,2,8,1,9,4,10,0,0,0,0,8.5,5.5,1.33,8.6,5.68,1.36,2021-2022
2021-10-16,Aston Villa,Wolves,A,2,3,14,9,5,4,6,7,8,17,2,3,0,0,2.15,3.25,3.5,2.16,3.31,3.89,2021-2022
2021-10-16,Leicester,Man United,H,4,2,22,18,11,6,4,3,5,17,0,3,0,0,3.5,3.6,2.05,3.7,3.97,1.99,2021-2022
2021-10-16,Man City,Burnley,H,2,0,15,7,6,2,6,2,11,5,1,0,0,0,1.12,9,19,1.15,9.13,21.3,2021-2022
2021-10-16,Norwich,Brighton,D,0,0,15,11,3,3,8,4,5,14,3,5,0,0,3.6,3.4,2.1,4.12,3.69,1.96,2021-2022
2021-10-16,Southampton,Leeds,H,1,0,19,3,5,0,8,1,16,14,2,3,0,0,2.3,3.5,3,2.12,3.72,3.55,2021-2022
2021-10-16,Brentford,Chelsea,A,0,1,17,5,7,1,5,5,13,8,1,1,0,0,6.5,3.8,1.57,5.64,3.87,1.7,2021-2022
2021-10-17,Everton,West Ham,A,0,1,15,16,2,4,7,9,3,3,0,2,0,0,2.5,3.4,2.8,2.91,3.36,2.63,2021-2022
2021-10-17,Newcastle,Tottenham,A,2,3,7,14,1,4,2,9,13,4,4,1,1,0,3.5,3.6,2.05,3.58,3.71,2.11,2021-2022
2021-10-18,Arsenal,Crystal Palace,D,2,2,17,9,6,6,6,4,7,4,1,1,0,0,1.6,3.8,6,1.62,4.17,5.96,2021-2022
2021-10-22,Arsenal,Aston Villa,H,3,1,22,10,9,4,7,4,17,10,2,5,0,0,1.83,3.75,4.2,2.04,3.65,3.87,2021-2022
2021-10-23,Chelsea,Norwich,H,7,0,23,3,13,1,5,0,14,16,0,2,0,1,1.18,7,15,1.22,6.75,15.5,2021-2022
2021-10-23,Crystal Palace,Newcastle,D,1,1,15,6,3,2,3,7,13,9,3,4,0,0,1.9,3.6,4,2,3.51,4.2,2021-2022
2021-10-23,Everton,Watford,A,2,5,15,20,4,8,3,5,9,13,4,3,0,0,1.65,3.8,5.5,1.84,3.57,4.98,2021-2022
2021-10-23,Leeds,Wolves,D,1,1,18,8,4,4,6,3,15,14,2,3,0,0,2.4,3.4,2.87,2.64,3.44,2.84,2021-2022
2021-10-23,Southampton,Burnley,D,2,2,16,9,4,5,6,2,10,11,1,3,0,0,1.95,3.5,3.9,2.09,3.46,3.92,2021-2022
2021-10-23,Brighton,Man City,A,1,4,10,23,5,14,7,6,10,6,2,3,0,0,8,4.75,1.4,8.18,4.95,1.43,2021-2022
2021-10-24,Brentford,Leicester,A,1,2,15,10,5,6,9,2,13,7,1,1,0,0,2.62,3.3,2.7,2.86,3.56,2.55,2021-2022
2021-10-24,West Ham,Tottenham,H,1,0,13,7,4,4,2,4,11,4,2,1,0,0,2.3,3.5,3,2.25,3.65,3.29,2021-2022
2021-10-24,Man United,Liverpool,A,0,5,12,19,4,8,6,3,10,8,6,0,1,0,3.1,3.6,2.2,3.09,3.66,2.35,2021-2022
2021-10-30,Leicester,Arsenal,A,0,2,16,9,8,5,7,6,8,11,2,0,0,0,2.4,3.5,2.87,2.55,3.53,2.88,2021-2022
2021-10-30,Burnley,Brentford,H,3,1,15,12,6,5,4,2,7,10,1,1,0,0,2.6,3.3,2.75,2.74,3.21,2.9,2021-2022
2021-10-30,Liverpool,Brighton,D,2,2,14,9,3,6,5,3,8,5,2,2,0,0,1.22,6.5,13,1.3,5.75,11.6,2021-2022
2021-10-30,Man City,Crystal Palace,A,0,2,14,8,3,3,7,1,11,11,2,3,1,0,1.14,8,19,1.14,9.25,21,2021-2022
2021-10-30,Newcastle,Chelsea,A,0,3,6,19,1,6,0,2,14,12,3,2,0,0,8.5,5,1.36,8.43,4.52,1.46,2021-2022
2021-10-30,Watford,Southampton,A,0,1,10,12,4,1,5,8,16,6,2,2,0,0,3.2,3.3,2.3,3.22,3.54,2.33,2021-2022
2021-10-30,Tottenham,Man United,A,0,3,9,10,0,4,10,2,12,14,2,3,0,0,2.87,3.6,2.37,3.18,3.74,2.27,2021-2022
2021-10-31,Norwich,Leeds,A,1,2,14,13,3,6,5,0,14,23,1,4,0,0,3.4,3.5,2.1,3.66,3.72,2.08,2021-2022
2021-10-31,Aston Villa,West Ham,A,1,4,9,21,3,9,3,6,7,13,1,2,1,0,2.8,3.5,2.45,2.94,3.5,2.52,2021-2022
2021-11-01,Wolves,Everton,H,2,1,10,14,4,5,4,3,10,8,1,1,0,0,2.2,3.2,3.5,2.3,3.19,3.66,2021-2022
2021-11-05,Southampton,Aston Villa,H,1,0,9,14,3,3,10,8,12,12,2,2,0,0,1.95,3.6,3.75,2.17,3.59,3.54,2021-2022
2021-11-06,Man United,Man City,A,0,2,5,16,1,5,1,9,9,12,1,2,0,0,4.75,4,1.7,4.79,4.21,1.73,2021-2022
2021-11-06,Brentford,Norwich,A,1,2,19,9,7,5,6,2,12,13,2,3,0,0,1.6,4,5.75,1.68,4.07,5.46,2021-2022
2021-11-06,Chelsea,Burnley,D,1,1,25,5,4,2,14,2,6,9,1,4,0,0,1.25,6,12,1.29,5.77,13.05,2021-2022
2021-11-06,Crystal Palace,Wolves,H,2,0,13,4,6,2,4,6,14,13,2,1,0,0,2.45,3.2,3,2.37,3.16,3.52,2021-2022
2021-11-06,Brighton,Newcastle,D,1,1,14,6,5,1,2,5,16,10,3,4,1,0,1.57,3.9,6,1.61,4.2,6.11,2021-2022
2021-11-07,Arsenal,Watford,H,1,0,14,7,6,1,4,2,6,19,4,2,0,1,1.36,4.75,8.5,1.46,4.86,7.41,2021-2022
2021-11-07,Everton,Tottenham,D,0,0,12,8,2,0,4,2,13,17,2,4,1,0,3.1,3.25,2.37,3.48,3.35,2.31,2021-2022
2021-11-07,Leeds,Leicester,D,1,1,18,9,5,3,10,5,12,5,1,1,0,0,2.8,3.5,2.45,2.69,3.49,2.76,2021-2022
2021-11-07,West Ham,Liverpool,H,3,2,7,16,3,5,3,2,11,6,1,1,0,0,4.75,4,1.7,4.47,4.4,1.75,2021-2022
2021-11-20,Leicester,Chelsea,A,0,3,4,16,3,7,3,5,15,8,3,1,0,0,4.75,3.75,1.75,5.06,3.81,1.78,2021-2022
2021-11-20,Aston Villa,Brighton,H,2,0,9,6,5,2,5,7,7,13,3,3,0,0,2.45,3.3,2.9,2.5,3.37,3.08,2021-2022
2021-11-20,Burnley,Crystal Palace,D,3,3,15,18,9,8,3,6,14,15,2,3,0,0,2.7,3.2,2.7,2.86,3.25,2.74,2021-2022
2021-11-20,Newcastle,Brentford,D,3,3,23,10,9,4,8,2,13,11,2,2,0,0,2.62,3.4,2.7,2.51,3.45,3,2021-2022
2021-11-20,Norwich,Southampton,H,2,1,8,17,4,5,5,7,8,9,3,2,0,0,3.6,3.5,2.05,3.53,3.53,2.19,2021-2022
2021-11-20,Watford,Man United,H,4,1,20,9,7,3,9,3,7,5,2,1,0,1,6.5,4.75,1.45,6.58,4.8,1.5,2021-2022
2021-11-20,Wolves,West Ham,H,1,0,15,8,5,3,7,3,6,9,1,1,0,0,3,3.25,2.4,3.19,3.32,2.46,2021-2022
2021-11-20,Liverpool,Arsenal,H,4,0,19,5,9,3,6,1,15,12,2,0,0,0,1.45,4.75,6.5,1.55,4.68,6.09,2021-2022
2021-11-21,Man City,Everton,H,3,0,17,4,7,1,7,1,5,7,1,1,0,0,1.14,8,19,1.2,7.5,16,2021-2022
2021-11-21,Tottenham,Leeds,H,2,1,13,18,4,7,4,8,11,12,1,4,0,0,1.7,4.2,4.5,1.61,4.18,6.01,2021-2022
2021-11-27,Arsenal,Newcastle,H,2,0,24,9,6,5,4,4,6,12,1,3,0,0,1.44,4.75,7,1.53,4.52,6.63,2021-2022
2021-11-27,Crystal Palace,Aston Villa,A,1,2,8,10,3,3,7,3,12,10,3,3,0,0,2.2,3.4,3.3,2.36,3.26,3.43,2021-2022
2021-11-27,Liverpool,Southampton,H,4,0,20,7,6,3,5,7,7,14,0,1,0,0,1.28,6,9,1.25,6.75,12,2021-2022
2021-11-27,Norwich,Wolves,D,0,0,14,5,4,2,4,3,11,10,2,2,0,0,3.5,3.3,2.15,3.6,3.35,2.24,2021-2022
2021-11-27,Brighton,Leeds,D,0,0,20,11,4,4,6,1,12,14,1,3,0,0,2.05,3.4,3.75,2.23,3.34,3.64,2021-2022
2021-11-28,Brentford,Everton,H,1,0,6,14,4,5,3,3,8,11,4,3,0,0,2.25,3.2,3.4,2.29,3.26,3.62,2021-2022
2021-11-28,Leicester,Watford,H,4,2,18,16,8,5,8,6,5,19,0,0,0,0,1.61,4,5.5,1.69,4.05,5.33,2021-2022
2021-11-28,Man City,West Ham,H,2,1,19,5,9,3,8,4,7,6,2,0,0,0,1.28,5.75,10,1.27,6.5,11,2021-2022
2021-11-28,Chelsea,Man United,D,1,1,24,3,6,2,15,2,13,14,2,5,0,0,1.57,4,6,1.58,4.21,6.44,2021-2022
2021-11-30,Newcastle,Norwich,D,1,1,9,16,1,6,2,5,8,11,0,0,0,1,1.95,3.5,3.9,2.09,3.6,3.75,2021-2022
2021-11-30,Leeds,Crystal Palace,H,1,0,15,9,3,1,7,4,15,15,5,3,0,0,2.4,3.3,3,2.36,3.39,3.31,2021-2022
2021-12-01,Southampton,Leicester,D,2,2,15,15,7,6,2,4,14,11,1,3,0,0,2.37,3.5,2.87,2.42,3.57,3.02,2021-2022
2021-12-01,Watford,Chelsea,A,1,2,13,8,6,4,6,0,18,16,4,3,0,0,10,5.25,1.3,11.04,5.51,1.32,2021-2022
2021-12-01,West Ham,Brighton,D,1,1,14,9,6,3,9,5,10,8,1,1,0,0,1.95,3.6,3.8,2.04,3.45,4.49,2021-2022
2021-12-01,Wolves,Burnley,D,0,0,16,6,2,1,5,5,5,7,2,3,0,0,1.85,3.5,4.33,1.88,3.43,4.94,2021-2022
2021-12-01,Aston Villa,Man City,A,1,2,9,17,3,7,4,11,8,12,0,0,0,0,9,5.25,1.33,7.4,4.69,1.48,2021-2022
2021-12-01,Everton,Liverpool,A,1,4,8,16,2,7,3,11,8,16,4,3,0,0,7.5,5.25,1.36,9.13,5.18,1.38,2021-2022
2021-12-02,Tottenham,Brentford,H,2,0,11,6,6,2,11,5,13,11,0,0,0,0,1.6,4.2,5.25,1.69,3.98,5.44,2021-2022
2021-12-02,Man United,Arsenal,H,3,2,14,17,10,8,3,8,9,10,1,0,0,0,1.95,3.75,3.75,2.08,3.76,3.58,2021-2022
2021-12-04,West Ham,Chelsea,H,3,2,11,19,5,7,1,9,10,10,1,3,0,0,4.75,3.6,1.75,4.92,3.65,1.83,2021-2022
2021-12-04,Newcastle,Burnley,H,1,0,19,10,4,1,10,3,11,9,1,1,0,0,2.3,3.3,3.2,2.41,3.49,3.09,2021-2022
2021-12-04,Southampton,Brighton,D,1,1,14,14,4,4,6,2,15,12,4,2,0,0,2.45,3.2,3,2.65,3.23,2.96,2021-2022
2021-12-04,Wolves,Liverpool,A,0,1,3,17,1,5,2,8,4,7,2,2,0,0,8,4.75,1.4,9.24,5.16,1.38,2021-2022
2021-12-04,Watford,Man City,A,1,3,11,26,4,13,5,11,10,7,3,0,0,0,12,7,1.2,15,7,1.22,2021-2022
2021-12-05,Leeds,Brentford,D,2,2,13,9,6,3,5,1,11,9,5,3,0,0,1.95,3.6,3.8,1.83,3.63,4.94,2021-2022
2021-12-05,Man United,Crystal Palace,H,1,0,16,8,3,2,9,6,16,9,2,2,0,0,1.5,4.33,6.5,1.54,4.49,6.56,2021-2022
2021-12-05,Tottenham,Norwich,H,3,0,17,10,7,1,6,4,11,4,1,2,0,0,1.36,5,8.5,1.48,4.51,7.94,2021-2022
2021-12-05,Aston Villa,Leicester,H,2,1,13,12,4,5,3,6,8,25,1,1,0,0,2.37,3.4,3,2.4,3.42,3.17,2021-2022
2021-12-06,Everton,Arsenal,H,2,1,11,10,5,3,3,3,8,12,2,2,0,0,3.4,3.5,2.1,3.33,3.42,2.31,2021-2022
2021-12-10,Brentford,Watford,H,2,1,14,6,5,2,8,2,12,18,4,0,0,0,2.25,3.3,3.3,2.63,3.45,2.82,2021-2022
2021-12-11,Man City,Wolves,H,1,0,24,2,10,1,14,1,12,5,3,2,0,1,1.14,8,19,1.16,8.25,21,2021-2022
2021-12-11,Arsenal,Southampton,H,3,0,15,11,5,6,9,8,5,9,2,0,0,0,1.61,4,5.5,1.75,4.1,4.76,2021-2022
2021-12-11,Chelsea,Leeds,H,3,2,16,12,6,5,5,2,9,15,2,5,0,0,1.25,5.75,12,1.25,6.75,13,2021-2022
2021-12-11,Liverpool,Aston Villa,H,1,0,20,4,5,0,11,3,13,6,1,2,0,0,1.2,7,13,1.24,6.75,13,2021-2022
2021-12-11,Norwich,Man United,A,0,1,11,13,5,5,8,6,6,17,1,1,0,0,7,4.5,1.45,7.48,5.11,1.44,2021-2022
2021-12-12,Burnley,West Ham,D,0,0,9,16,1,3,6,4,13,11,2,1,0,0,3.6,3.6,2,3.58,3.53,2.16,2021-2022
2021-12-12,Leicester,Newcastle,H,4,0,8,12,5,3,4,6,9,16,2,3,0,0,1.66,4.1,4.75,1.7,4.12,5.06,2021-2022
2021-12-12,Crystal Palace,Everton,H,3,1,17,12,6,6,8,2,15,14,0,2,0,0,2.3,3.2,3.3,2.27,3.25,3.66,2021-2022
2021-12-14,Norwich,Aston Villa,A,0,2,7,17,3,6,7,10,12,9,3,1,0,0,3.3,3.3,2.25,3.78,3.43,2.14,2021-2022
2021-12-14,Man City,Leeds,H,7,0,31,6,15,3,6,2,5,9,1,1,0,0,1.14,8.5,15,1.14,9.5,20,2021-2022
2021-12-15,Brighton,Wolves,A,0,1,12,8,2,5,7,4,11,14,2,0,0,0,2.25,3.1,3.5,2,3.25,4.6,2021-2022
2021-12-15,Crystal Palace,Southampton,D,2,2,9,15,6,4,4,6,16,20,2,4,0,0,2.15,3.3,3.5,2.03,3.49,4.08,2021-2022
2021-12-15,Arsenal,West Ham,H,2,0,21,7,8,1,5,2,8,9,2,0,0,1,2.1,3.6,3.3,2.3,3.62,3.19,2021-2022
2021-12-16,Chelsea,Everton,D,1,1,23,5,10,3,7,1,11,11,2,3,0,0,1.22,6.5,13,1.23,7.83,16.72,2021-2022
2021-12-16,Liverpool,Newcastle,H,3,1,23,4,8,2,11,0,9,4,1,3,0,0,1.12,9,19,1.1,12,27,2021-2022
2021-12-18,Leeds,Arsenal,A,1,4,9,21,2,12,1,4,11,7,3,1,0,0,3.9,3.8,1.83,5.58,4.41,1.62,2021-2022
2021-12-19,Newcastle,Man City,A,0,4,5,18,1,7,3,6,9,6,1,2,0,0,13,7.5,1.18,23.5,10,1.13,2021-2022
2021-12-19,Wolves,Chelsea,D,0,0,4,8,1,1,4,9,9,7,0,2,0,0,7,4.2,1.5,5.74,3.54,1.76,2021-2022
2021-12-19,Tottenham,Liverpool,D,2,2,10,18,5,6,6,4,12,11,4,4,0,1,5.25,4.75,1.53,5.13,4.4,1.65,2021-2022
2021-12-26,Man City,Leicester,H,6,3,17,14,9,8,14,4,11,9,1,2,0,0,1.18,7.5,13,1.13,10.5,21,2021-2022
2021-12-26,Norwich,Arsenal,A,0,5,4,16,2,6,3,5,13,7,1,2,0,0,8,4.75,1.4,6.58,4.54,1.53,2021-2022
2021-12-26,Tottenham,Crystal Palace,H,3,0,17,4,6,0,4,2,16,10,1,1,0,1,1.72,3.8,4.75,1.75,3.87,5.14,2021-2022
2021-12-26,West Ham,Southampton,A,2,3,11,11,5,6,10,2,10,9,2,3,0,0,1.8,3.9,4.2,1.98,3.66,4.07,2021-2022
2021-12-26,Aston Villa,Chelsea,A,1,3,8,10,1,4,2,5,8,11,3,1,0,0,5.25,3.8,1.65,5.37,3.91,1.71,2021-2022
2021-12-26,Brighton,Brentford,H,2,0,15,16,5,6,6,9,8,10,1,3,0,0,1.9,3.4,4.2,1.99,3.41,4.42,2021-2022
2021-12-27,Newcastle,Man United,D,1,1,13,13,8,4,2,4,11,8,3,3,0,0,6.5,4.75,1.44,6.28,4.74,1.53,2021-2022
2021-12-28,Crystal Palace,Norwich,H,3,0,19,12,6,3,8,8,9,13,1,2,0,0,1.65,3.75,5.5,1.78,3.6,5.48,2021-2022
2021-12-28,Southampton,Tottenham,D,1,1,9,21,2,11,3,7,15,5,2,2,1,0,3.75,3.5,2,3.77,3.37,2.17,2021-2022
2021-12-28,Watford,West Ham,A,1,4,14,13,5,6,4,5,12,12,0,1,0,0,3.4,3.6,2.1,3.59,3.84,2.07,2021-2022
2021-12-28,Leicester,Liverpool,H,1,0,6,21,1,4,1,12,8,11,0,1,0,0,8,5.5,1.33,8.27,6.23,1.33,2021-2022
2021-12-29,Chelsea,Brighton,D,1,1,11,18,5,6,10,8,14,7,4,1,0,0,1.4,4.5,7.5,1.35,5.04,11.23,2021-2022
2021-12-29,Brentford,Man City,A,0,1,6,12,2,3,3,5,12,10,0,0,0,0,19,8,1.14,14.33,8.47,1.19,2021-2022
2021-12-30,Man United,Burnley,H,3,1,18,10,6,3,7,5,5,10,0,0,0,0,1.36,5,9,1.39,4.97,9.7,2021-2022
2022-01-01,Arsenal,Man City,A,1,2,7,15,2,2,5,5,13,5,3,2,1,0,5.75,4.75,1.5,5.24,4.21,1.68,2021-2022
2022-01-01,Watford,Tottenham,A,0,1,6,21,4,9,3,7,6,9,0,1,0,0,5,4.2,1.61,6.01,4.12,1.63,2021-2022
2022-01-01,Crystal Palace,West Ham,A,2,3,22,10,6,5,9,1,6,16,0,2,0,0,3.1,3.4,2.3,3.56,3.37,2.25,2021-2022
2022-01-02,Brentford,Aston Villa,H,2,1,10,16,4,5,3,7,17,11,2,2,0,0,3,3.3,2.4,2.95,3.21,2.69,2021-2022
2022-01-02,Everton,Brighton,A,2,3,17,12,6,5,8,5,5,12,1,1,0,0,2.75,3.2,2.62,2.91,3.12,2.67,2021-2022
2022-01-02,Leeds,Burnley,H,3,1,22,8,7,2,9,3,11,7,2,1,0,0,2.05,3.5,3.5,2.12,3.52,3.73,2021-2022
2022-01-02,Chelsea,Liverpool,D,2,2,15,10,6,6,6,7,5,13,1,2,0,0,3.1,3.5,2.25,2.67,3.58,2.72,2021-2022
2022-01-03,Man United,Wolves,A,0,1,9,19,2,6,3,8,9,8,3,1,0,0,1.53,4.33,6,1.74,3.74,5.53,2021-2022
2022-01-11,Southampton,Brentford,H,4,1,12,5,6,4,5,2,9,8,0,1,0,0,2.05,3.4,3.6,2.23,3.33,3.67,2021-2022
2022-01-12,West Ham,Norwich,H,2,0,13,7,5,3,11,2,9,8,0,0,0,0,1.28,5.5,10,1.4,5.15,8.47,2021-2022
2022-01-14,Brighton,Crystal Palace,D,1,1,19,3,4,1,9,0,11,7,0,2,0,0,2.05,3.3,3.8,2.05,3.4,4.14,2021-2022
2022-01-15,Man City,Chelsea,H,1,0,11,4,6,1,9,1,11,6,0,2,0,0,1.65,4,5,1.67,4.21,5.35,2021-2022
2022-01-15,Newcastle,Watford,D,1,1,12,18,1,5,4,6,13,13,3,2,0,0,2,3.6,3.6,1.84,3.71,4.61,2021-2022
2022-01-15,Norwich,Everton,H,2,1,14,12,3,5,8,8,12,14,3,1,0,0,3.75,3.5,2,3.56,3.37,2.25,2021-2022
2022-01-15,Wolves,Southampton,H,3,1,9,13,5,10,2,10,13,14,2,3,0,0,2.25,3.2,3.4,2.49,3.04,3.44,2021-2022
2022-01-15,Aston Villa,Man United,D,2,2,13,13,9,6,3,6,8,13,1,2,0,0,2.87,3.5,2.4,2.49,3.61,2.91,2021-2022
2022-01-16,Liverpool,Brentford,H,3,0,27,6,13,1,9,0,6,6,0,1,0,0,1.3,5.5,10,1.29,6.25,11.37,2021-2022
2022-01-16,West Ham,Leeds,A,2,3,15,18,5,5,4,3,6,9,3,2,0,0,1.61,4.2,5,1.69,4.24,5.03,2021-2022
2022-01-18,Brighton,Chelsea,D,1,1,10,15,2,3,5,7,8,5,1,2,0,0,4.75,3.75,1.72,5.48,3.81,1.72,2021-2022
2022-01-19,Leicester,Tottenham,A,2,3,14,27,4,10,3,8,6,12,1,2,0,0,3,3.5,2.3,3.34,3.5,2.27,2021-2022
2022-01-19,Brentford,Man United,A,1,3,18,13,8,5,6,9,7,9,0,0,0,0,4.5,3.7,1.8,4.91,3.91,1.76,2021-2022
2022-01-21,Watford,Norwich,A,0,3,15,7,4,2,5,1,16,11,0,1,1,0,2,3.5,3.75,2.07,3.54,3.88,2021-2022
2022-01-22,Everton,Aston Villa,A,0,1,15,8,1,3,9,2,14,16,5,3,0,0,2.75,3.25,2.62,2.65,3.63,2.69,2021-2022
2022-01-22,Brentford,Wolves,A,1,2,11,7,1,2,6,3,6,7,2,3,0,0,3.2,2.8,2.6,2.53,3.07,3.33,2021-2022
2022-01-22,Leeds,Newcastle,A,0,1,13,15,4,3,6,7,9,9,4,2,0,0,2,3.5,3.75,1.86,4.06,4.17,2021-2022
2022-01-22,Man United,West Ham,H,1,0,18,6,3,1,3,3,9,8,1,1,0,0,1.85,3.8,4,2.17,3.6,3.52,2021-2022
2022-01-22,Southampton,Man City,D,1,1,7,20,3,5,2,11,13,5,3,0,0,0,10,6.5,1.25,12.25,6.06,1.3,2021-2022
2022-01-23,Arsenal,Burnley,D,0,0,20,10,5,1,12,4,9,13,0,2,0,0,1.36,4.75,9,1.32,5.57,11.9,2021-2022
2022-01-23,Crystal Palace,Liverpool,A,1,3,8,15,5,7,2,5,12,10,4,1,0,0,6,4.2,1.53,6.26,4.27,1.58,2021-2022
2022-01-23,Leicester,Brighton,D,1,1,15,14,5,5,4,5,6,8,0,1,0,0,2.5,3.25,2.9,2.71,3.39,2.79,2021-2022
2022-01-23,Chelsea,Tottenham,H,2,0,15,6,7,3,10,3,17,14,2,1,0,0,1.61,4.2,5,1.74,3.89,5.2,2021-2022
2022-02-05,Burnley,Watford,D,0,0,13,11,2,5,4,7,16,9,1,2,0,0,2.2,3.25,3.5,2.22,3.32,3.69,2021-2022
2022-02-08,Newcastle,Everton,H,3,1,20,11,9,3,6,2,13,13,2,3,0,0,2.5,3.25,2.87,2.59,3.44,2.87,2021-2022
2022-02-08,West Ham,Watford,H,1,0,9,6,3,1,5,6,1,6,1,0,0,0,1.55,4.2,5.75,1.55,4.32,7.03,2021-2022
2022-02-08,Burnley,Man United,D,1,1,9,22,3,5,2,10,11,10,2,1,0,0,5.5,4,1.61,6.65,4.25,1.56,2021-2022
2022-02-09,Man City,Brentford,H,2,0,15,6,7,2,9,3,7,13,0,0,0,0,1.1,9.5,23,1.1,11.25,31,2021-2022
2022-02-09,Norwich,Crystal Palace,D,1,1,5,13,1,5,4,6,11,15,1,2,0,0,3.5,3.25,2.15,3.53,3.27,2.31,2021-2022
2022-02-09,Tottenham,Southampton,A,2,3,8,23,3,10,2,8,7,13,2,3,0,0,1.6,4,5.5,1.57,4.27,6.41,2021-2022
2022-02-09,Aston Villa,Leeds,D,3,3,12,16,4,8,6,11,11,9,1,3,1,0,1.8,3.8,4.2,1.98,3.71,3.96,2021-2022
2022-02-10,Liverpool,Leicester,H,2,0,22,5,11,1,7,6,11,7,1,0,0,0,1.25,6.5,10,1.2,8,14,2021-2022
2022-02-10,Wolves,Arsenal,A,0,1,15,12,4,2,7,4,12,13,2,3,0,1,3.5,3.2,2.2,4.16,3.35,2.05,2021-2022
2022-02-12,Man United,Southampton,D,1,1,12,13,8,4,1,4,12,13,4,0,0,0,1.6,4,5.5,1.54,4.61,6.26,2021-2022
2022-02-12,Brentford,Crystal Palace,D,0,0,9,6,2,3,3,9,10,10,1,0,0,0,2.55,3.1,3,3.14,3.28,2.49,2021-2022
2022-02-12,Everton,Leeds,H,3,0,21,7,10,0,5,3,8,9,1,1,0,0,2.25,3.5,3,2.66,3.65,2.67,2021-2022
2022-02-12,Watford,Brighton,A,0,2,9,11,1,6,4,5,16,9,3,2,0,0,3.5,3.3,2.05,4.25,3.45,2,2021-2022
2022-02-12,Norwich,Man City,A,0,4,8,22,3,9,4,12,7,8,0,2,0,0,15,8,1.16,18.5,7.75,1.18,2021-2022
2022-02-13,Burnley,Liverpool,A,0,1,8,12,5,4,5,8,7,6,0,1,0,0,10,5.25,1.28,13.5,7.2,1.22,2021-2022
2022-02-13,Newcastle,Aston Villa,H,1,0,10,11,2,1,3,6,22,15,3,4,0,0,2.7,3.3,2.62,2.83,3.4,2.67,2021-2022
2022-02-13,Tottenham,Wolves,A,0,2,17,11,7,7,7,3,13,13,3,1,0,0,1.7,3.6,5.5,1.69,3.78,5.9,2021-2022
2022-02-13,Leicester,West Ham,D,2,2,13,8,2,3,5,4,10,9,1,2,0,0,2.9,3.5,2.3,3.02,3.62,2.39,2021-2022
2022-02-15,Man United,Brighton,H,2,0,19,10,7,3,10,2,8,10,3,1,0,1,1.72,3.75,4.75,1.83,3.59,5,2021-2022
2022-02-19,West Ham,Newcastle,D,1,1,11,14,3,3,3,7,3,7,3,3,0,0,1.7,4,4.75,1.62,4.21,5.8,2021-2022
2022-02-19,Arsenal,Brentford,H,2,1,24,6,8,2,14,0,10,5,1,1,0,0,1.44,4.2,8,1.52,4.12,7.83,2021-2022
2022-02-19,Aston Villa,Watford,A,0,1,20,8,1,4,10,5,12,7,1,2,0,0,1.65,3.6,5.75,1.61,4.04,6.2,2021-2022
2022-02-19,Brighton,Burnley,A,0,3,11,10,1,4,4,4,12,12,1,4,0,0,1.66,3.5,6,1.68,3.53,6.76,2021-2022
2022-02-19,Crystal Palace,Chelsea,A,0,1,7,9,0,3,4,4,4,20,1,3,0,0,5.5,3.8,1.65,6.49,3.91,1.62,2021-2022
2022-02-19,Liverpool,Norwich,H,3,1,29,6,8,1,9,4,7,8,0,1,0,0,1.1,9,23,1.13,9.55,25.79,2021-2022
2022-02-19,Southampton,Everton,H,2,0,19,9,11,0,4,4,6,9,0,2,0,0,2.1,3.5,3.5,1.99,3.67,3.97,2021-2022
2022-02-19,Man City,Tottenham,A,2,3,21,6,4,5,10,0,5,7,0,3,0,0,1.28,6,10,1.28,6.26,11.17,2021-2022
2022-02-20,Leeds,Man United,A,2,4,16,15,6,9,3,3,13,19,6,3,0,0,3.9,3.8,1.85,5.02,4.27,1.68,2021-2022
2022-02-20,Wolves,Leicester,H,2,1,11,17,3,7,7,10,12,9,4,4,0,0,2.25,3.3,3.25,2.19,3.27,3.81,2021-2022
2022-02-23,Burnley,Tottenham,H,1,0,15,12,4,2,3,7,8,8,0,0,0,0,4.6,3.8,1.75,4.71,3.56,1.88,2021-2022
2022-02-23,Watford,Crystal Palace,A,1,4,8,7,1,5,6,4,12,9,2,1,0,0,3.1,3.3,2.3,3.03,3.17,2.66,2021-2022
2022-02-23,Liverpool,Leeds,H,6,0,23,3,15,2,4,0,5,11,0,3,0,0,1.16,8,15,1.18,8.5,16,2021-2022
2022-02-24,Arsenal,Wolves,H,2,1,26,6,5,2,5,4,8,9,1,1,0,0,1.65,3.8,5.5,1.68,3.76,6.16,2021-2022
2022-02-25,Southampton,Norwich,H,2,0,27,8,9,1,13,6,12,9,1,2,0,0,1.53,4.33,6,1.51,4.45,6.93,2021-2022
2022-02-26,Leeds,Tottenham,A,0,4,19,15,3,11,3,6,16,11,4,2,0,0,4.2,3.6,1.85,3.79,3.87,2,2021-2022
2022-02-26,Brentford,Newcastle,A,0,2,6,26,1,11,6,6,9,7,3,1,1,0,2.5,3.2,3,2.32,3.17,3.6,2021-2022
2022-02-26,Crystal Palace,Burnley,D,1,1,11,5,4,1,5,4,5,17,0,2,0,0,1.9,3.6,4,1.92,3.34,4.9,2021-2022
2022-02-26,Man United,Watford,D,0,0,22,10,3,2,4,3,2,7,0,0,0,0,1.3,5.5,9.5,1.39,4.98,9.14,2021-2022
2022-02-26,Brighton,Aston Villa,A,0,2,12,9,1,4,7,2,17,11,4,5,0,0,2.2,3.3,3.5,2.26,3.29,3.64,2021-2022
2022-02-26,Everton,Man City,A,0,1,6,13,2,8,3,4,7,14,3,2,0,0,10,5.75,1.28,12.5,6.75,1.25,2021-2022
2022-02-27,West Ham,Wolves,H,1,0,13,14,4,1,3,5,8,2,1,0,0,0,2.05,3.3,3.8,1.94,3.41,4.64,2021-2022
2022-03-01,Burnley,Leicester,A,0,2,9,22,2,6,6,8,10,13,1,1,0,0,2.9,3.4,2.4,2.95,3.31,2.63,2021-2022
2022-03-05,Leicester,Leeds,H,1,0,7,19,4,4,5,10,9,12,1,2,0,0,1.75,4,4.2,2.14,3.69,3.51,2021-2022
2022-03-05,Aston Villa,Southampton,H,4,0,14,11,9,1,4,7,10,8,1,1,0,0,2.3,3.5,3,2.27,3.62,3.32,2021-2022
2022-03-05,Burnley,Chelsea,A,0,4,6,11,1,5,5,2,12,7,2,0,0,0,6.5,4.33,1.5,7.4,4.06,1.55,2021-2022
2022-03-05,Newcastle,Brighton,H,2,1,10,15,4,4,4,7,8,10,1,1,0,0,2.75,3.2,2.62,2.8,3.17,2.86,2021-2022
2022-03-05,Norwich,Brentford,A,1,3,15,10,7,6,5,5,13,18,2,5,0,0,2.9,3.1,2.5,3.22,3.25,2.48,2021-2022
2022-03-05,Wolves,Crystal Palace,A,0,2,12,12,5,8,7,7,13,8,0,3,0,0,2.3,3.1,3.4,2.4,3.09,3.55,2021-2022
2022-03-05,Liverpool,West Ham,H,1,0,22,13,5,5,4,6,7,7,2,1,0,0,1.28,5.75,9.5,1.27,6.5,11.5,2021-2022
2022-03-06,Watford,Arsenal,A,2,3,13,16,7,4,1,5,5,11,1,2,0,0,6,4,1.57,6.84,4.31,1.55,2021-2022
2022-03-06,Man City,Man United,H,4,1,24,5,10,2,9,3,10,14,0,1,0,0,1.4,4.75,7.5,1.43,5.06,7.66,2021-2022
2022-03-07,Tottenham,Everton,H,5,0,14,6,7,0,5,2,15,10,2,0,0,0,1.57,3.8,5.75,1.77,3.83,5.05,2021-2022
2022-03-10,Norwich,Chelsea,A,1,3,9,15,3,7,3,8,8,15,0,2,0,0,11,4.75,1.3,10.58,4.98,1.36,2021-2022
2022-03-10,Southampton,Newcastle,A,1,2,14,8,5,4,12,5,6,7,1,1,0,0,2,3.75,3.5,1.92,3.64,4.41,2021-2022
2022-03-10,Wolves,Watford,H,4,0,10,9,5,0,5,2,11,10,2,2,0,0,1.75,3.6,4.5,1.97,3.44,4.44,2021-2022
2022-03-10,Leeds,Aston Villa,A,0,3,4,15,1,9,3,5,17,11,5,3,0,0,2.7,3.5,2.5,2.86,3.63,2.51,2021-2022
2022-03-12,Brighton,Liverpool,A,0,2,8,18,3,9,7,6,12,15,3,1,0,0,6,4.33,1.5,6.88,4.63,1.51,2021-2022
2022-03-12,Brentford,Burnley,H,2,0,13,7,4,1,2,9,6,10,1,1,0,1,2.15,3.2,3.6,2.14,3.37,3.88,2021-2022
2022-03-12,Man United,Tottenham,H,3,2,10,10,6,3,4,5,8,7,2,1,0,0,2.2,3.4,3.25,2.39,3.54,3.12,2021-2022
2022-03-13,Chelsea,Newcastle,H,1,0,8,7,3,2,7,2,17,16,4,3,0,0,1.3,5.25,11,1.41,4.94,8.76,2021-2022
2022-03-13,Everton,Wolves,A,0,1,8,14,2,3,5,2,13,11,2,1,1,0,2.3,3.2,3.3,2.33,3.1,3.69,2021-2022
2022-03-13,Leeds,Norwich,H,2,1,13,12,7,4,6,2,18,8,3,1,0,0,1.55,4.2,5.75,1.62,4.38,5.62,2021-2022
2022-03-13,Southampton,Watford,A,1,2,13,9,7,5,11,3,8,12,3,2,0,0,1.6,4.2,5.25,1.68,4.05,5.48,2021-2022
2022-03-13,West Ham,Aston Villa,H,2,1,11,13,4,7,5,7,9,3,1,0,0,0,2.25,3.3,3.3,2.58,3.31,3.01,2021-2022
2022-03-13,Arsenal,Leicester,H,2,0,21,6,8,3,2,6,8,10,0,3,0,0,1.5,4.5,6,1.45,4.78,7.92,2021-2022
2022-03-14,Crystal Palace,Man City,D,0,0,7,18,1,4,2,6,6,11,3,1,0,0,10,5,1.33,9.88,5.58,1.34,2021-2022
2022-03-16,Brighton,Tottenham,A,0,2,15,17,0,7,6,3,11,9,2,2,0,0,3.3,3.3,2.25,3.79,3.49,2.12,2021-2022
2022-03-16,Arsenal,Liverpool,A,0,2,9,9,2,3,1,6,9,9,0,1,0,0,3.5,4,1.9,3.75,3.6,2.09,2021-2022
2022-03-17,Everton,Newcastle,H,1,0,9,17,3,6,5,7,13,11,2,1,1,0,2.4,3.25,3.1,2.41,3.31,3.28,2021-2022
2022-03-18,Wolves,Leeds,A,2,3,14,15,8,6,2,5,13,14,1,4,1,0,2.1,3.5,3.4,2.29,3.38,3.47,2021-2022
2022-03-19,Aston Villa,Arsenal,A,0,1,8,10,1,3,6,5,13,14,3,3,0,0,3,3.3,2.4,2.96,3.42,2.55,2021-2022
2022-03-20,Leicester,Brentford,H,2,1,12,15,4,6,2,5,10,10,1,2,0,0,2.15,3.4,3.4,2.13,3.55,3.68,2021-2022
2022-03-20,Tottenham,West Ham,H,3,1,17,6,4,1,5,3,7,7,0,1,0,0,1.72,3.8,4.75,1.73,3.86,5.32,2021-2022
2022-04-02,Liverpool,Watford,H,2,0,20,5,3,2,9,3,9,8,1,1,0,0,1.12,9.5,17,1.17,8.5,18,2021-2022
2022-04-02,Brighton,Norwich,D,0,0,31,6,4,0,11,2,12,11,1,1,0,0,1.5,4,7,1.52,4.33,7.16,2021-2022
2022-04-02,Burnley,Man City,A,0,2,3,18,1,6,1,8,11,6,1,0,0,0,15,6.5,1.2,16.5,7.3,1.2,2021-2022
2022-04-02,Chelsea,Brentford,A,1,4,21,17,8,6,12,7,11,7,0,0,0,0,1.33,5,10,1.4,4.77,9.59,2021-2022
2022-04-02,Leeds,Southampton,D,1,1,12,14,3,6,4,7,14,7,1,1,0,0,2.37,3.75,2.75,2.5,3.63,2.86,2021-2022
2022-04-02,Wolves,Aston Villa,H,2,1,11,15,5,5,4,9,15,8,4,3,0,0,3,3.1,2.55,3.16,3.09,2.62,2021-2022
2022-04-02,Man United,Leicester,D,1,1,11,11,5,3,6,5,13,6,2,2,0,0,1.5,4.5,6,1.56,4.76,5.69,2021-2022
2022-04-03,West Ham,Everton,H,2,1,11,13,5,2,2,4,9,12,1,1,0,1,1.75,3.8,4.5,1.79,3.84,4.87,2021-2022
2022-04-03,Tottenham,Newcastle,H,5,1,19,8,6,1,2,3,10,7,2,3,0,0,1.5,4.33,6.5,1.56,4.33,6.45,2021-2022
2022-04-04,Crystal Palace,Arsenal,H,3,0,6,12,5,3,0,2,11,15,0,2,0,0,4,3.4,1.95,4.15,3.35,2.07,2021-2022
2022-04-06,Burnley,Everton,H,3,2,13,16,4,4,9,6,11,16,2,2,0,0,2.62,3.1,2.87,2.59,3.09,3.2,2021-2022
2022-04-08,Newcastle,Wolves,H,1,0,12,5,4,2,1,2,6,13,1,1,0,0,2.25,3.1,3.4,2,3.41,4.47,2021-2022
2022-04-09,Everton,Man United,H,1,0,7,12,3,4,5,7,4,10,2,2,0,0,4.6,3.75,1.75,4.09,3.88,1.92,2021-2022
2022-04-09,Arsenal,Brighton,A,1,2,20,8,4,3,11,2,12,19,3,4,0,0,1.61,3.8,5.75,1.64,3.88,6.43,2021-2022
2022-04-09,Southampton,Chelsea,A,0,6,4,24,1,14,3,3,11,10,1,0,0,0,3.8,3.6,1.95,3.93,3.56,2.05,2021-2022
2022-04-09,Watford,Leeds,A,0,3,8,10,1,5,3,8,8,12,2,0,0,0,2.7,3.4,2.55,2.91,3.45,2.57,2021-2022
2022-04-09,Aston Villa,Tottenham,A,0,4,9,11,8,5,9,3,12,14,2,3,0,0,3.2,3.4,2.25,3.47,3.59,2.2,2021-2022
2022-04-10,Brentford,West Ham,H,2,0,15,5,7,1,4,6,2,6,0,1,0,0,2.62,3.3,2.62,2.77,3.35,2.76,2021-2022
2022-04-10,Leicester,Crystal Palace,H,2,1,12,11,3,3,3,4,11,12,1,1,0,0,2.37,3.3,2.9,2.53,3.29,3.1,2021-2022
2022-04-10,Norwich,Burnley,H,2,0,17,18,6,4,6,7,12,10,1,1,0,0,2.87,3.2,2.55,3.23,3.42,2.38,2021-2022
2022-04-10,Man City,Liverpool,D,2,2,11,6,5,4,4,1,9,11,1,4,0,0,2,3.75,3.5,1.98,3.82,3.9,2021-2022
2022-04-16,Tottenham,Brighton,A,0,1,5,12,0,5,4,4,14,10,3,3,0,0,1.53,4,6.5,1.51,4.56,6.92,2021-2022
2022-04-16,Man United,Norwich,H,3,2,20,15,9,4,6,7,7,6,0,0,0,0,1.25,6.5,10,1.29,6.35,9.95,2021-2022
2022-04-16,Southampton,Arsenal,H,1,0,9,23,3,6,6,8,6,6,2,1,0,0,3.8,3.6,1.95,4.08,3.79,1.94,2021-2022
2022-04-16,Watford,Brentford,A,1,2,17,16,4,5,6,5,11,9,2,1,0,0,2.7,3.3,2.55,2.94,3.39,2.58,2021-2022
2022-04-17,Newcastle,Leicester,H,2,1,16,8,7,2,3,5,10,10,2,2,0,0,2.2,3.4,3.3,2.06,3.56,3.9,2021-2022
2022-04-17,West Ham,Burnley,D,1,1,21,9,8,1,13,4,9,10,2,2,0,0,1.7,3.8,5,1.81,3.8,4.84,2021-2022
2022-04-19,Liverpool,Man United,H,4,0,14,2,5,1,10,2,3,6,1,2,0,0,1.4,5,7,1.34,5.78,9.17,2021-2022
2022-04-20,Chelsea,Arsenal,A,2,4,11,14,2,4,6,1,7,6,3,1,0,0,1.83,3.6,4.33,1.96,3.52,4.36,2021-2022
2022-04-20,Everton,Leicester,D,1,1,13,11,3,3,5,4,8,17,3,1,0,0,2.25,3.4,3.25,2.67,3.31,2.9,2021-2022
2022-04-20,Newcastle,Crystal Palace,H,1,0,13,10,4,2,2,5,12,12,1,1,0,0,2.25,3.4,3.25,2.32,3.24,3.54,2021-2022
2022-04-20,Man City,Brighton,H,3,0,17,2,5,1,7,4,12,7,0,3,0,0,1.16,7,17,1.23,6.5,16,2021-2022
2022-04-21,Burnley,Southampton,H,2,0,16,11,6,3,10,10,7,7,2,2,0,0,2.75,3.25,2.62,2.7,3.35,2.8,2021-2022
2022-04-23,Arsenal,Man United,H,3,1,14,14,7,5,1,7,9,12,3,4,0,0,2.05,3.5,3.5,2.06,3.68,3.75,2021-2022
2022-04-23,Leicester,Aston Villa,D,0,0,5,11,2,3,7,6,15,16,3,2,0,0,2.8,3.4,2.5,3.05,3.39,2.5,2021-2022
2022-04-23,Man City,Watford,H,5,1,21,5,8,2,11,4,9,7,1,0,0,0,1.1,10,26,1.13,9.5,26,2021-2022
2022-04-23,Norwich,Newcastle,A,0,3,5,13,2,7,2,3,11,10,0,2,0,0,3.5,3.3,2.15,3.54,3.38,2.25,2021-2022
2022-04-23,Brentford,Tottenham,D,0,0,15,9,2,0,12,8,8,7,2,1,0,0,4.33,3.5,1.85,4.93,3.99,1.75,2021-2022
2022-04-24,Brighton,Southampton,D,2,2,8,18,5,5,6,6,12,7,1,0,0,0,2.1,3.4,3.6,2.15,3.33,3.91,2021-2022
2022-04-24,Burnley,Wolves,H,1,0,14,10,5,4,3,6,8,7,3,1,0,0,2.7,3,2.87,2.57,3.14,3.17,2021-2022
2022-04-24,Chelsea,West Ham,H,1,0,26,6,5,2,3,1,11,9,1,0,0,1,1.5,4.33,6.5,1.43,4.72,8.16,2021-2022
2022-04-24,Liverpool,Everton,H,2,0,18,9,4,1,13,1,8,8,2,5,0,0,1.18,7,15,1.21,7.06,16.67,2021-2022
2022-04-25,Crystal Palace,Leeds,D,0,0,17,9,7,2,6,3,12,13,2,2,0,0,2.05,3.5,3.5,2.44,3.49,2.99,2021-2022
2022-04-28,Man United,Chelsea,D,1,1,6,21,3,6,2,9,9,12,0,1,0,0,3.2,3.4,2.25,3.6,3.62,2.13,2021-2022
2022-04-30,Newcastle,Liverpool,A,0,1,4,24,2,10,0,6,11,11,1,3,0,0,8.5,5,1.36,6.72,4.32,1.55,2021-2022
2022-04-30,Aston Villa,Norwich,H,2,0,21,9,6,3,2,3,16,8,4,1,0,0,1.4,4.5,9,1.41,5.19,8.08,2021-2022
2022-04-30,Southampton,Crystal Palace,A,1,2,8,14,3,5,6,7,13,11,1,3,0,0,2.4,3.3,3.1,2.53,3.16,3.22,2021-2022
2022-04-30,Watford,Burnley,A,1,2,13,17,1,6,5,6,13,9,1,2,0,0,2.6,3.3,2.75,2.71,3.22,2.92,2021-2022
2022-04-30,Wolves,Brighton,A,0,3,11,17,1,9,7,3,6,4,2,1,0,0,2.7,3.2,2.75,2.81,3.02,2.99,2021-2022
2022-04-30,Leeds,Man City,A,0,4,7,19,2,6,3,6,13,3,1,2,0,0,8.5,6,1.3,9.2,5.8,1.34,2021-2022
2022-05-01,Everton,Chelsea,H,1,0,9,17,4,5,3,8,9,12,3,5,0,0,5,3.6,1.75,5.21,3.94,1.73,2021-2022
2022-05-01,Tottenham,Leicester,H,3,1,13,6,7,2,7,3,13,8,2,3,0,0,1.44,4.75,7,1.38,5.32,9.05,2021-2022
2022-05-01,West Ham,Arsenal,A,1,2,8,13,3,7,3,7,8,9,2,2,0,0,4.33,3.8,1.8,4.57,3.92,1.83,2021-2022
2022-05-02,Man United,Brentford,H,3,0,9,12,5,4,3,8,4,6,1,0,0,0,1.72,4,4.5,1.8,3.96,4.62,2021-2022
2022-05-07,Brentford,Southampton,H,3,0,18,19,5,4,4,7,12,9,0,1,0,0,2.15,3.5,3.3,2.11,3.64,3.65,2021-2022
2022-05-07,Burnley,Aston Villa,A,1,3,14,12,6,7,4,5,13,11,1,2,0,0,3,3.3,2.4,3.19,3.21,2.52,2021-2022
2022-05-07,Chelsea,Wolves,D,2,2,19,14,6,4,9,3,7,11,1,3,0,0,1.33,5,9.5,1.38,4.94,9.9,2021-2022
2022-05-07,Crystal Palace,Watford,H,1,0,15,6,7,1,8,5,11,18,2,1,0,1,1.65,4,5,1.7,3.89,5.59,2021-2022
2022-05-07,Brighton,Man United,H,4,0,17,15,6,5,7,6,13,9,0,2,0,0,2.8,3.5,2.45,2.99,3.3,2.6,2021-2022
2022-05-07,Liverpool,Tottenham,D,1,1,22,8,3,3,11,5,12,8,3,2,0,0,1.4,5,7,1.43,5.3,7.3,2021-2022
2022-05-08,Arsenal,Leeds,H,2,1,19,3,9,2,8,2,13,15,2,2,0,1,1.45,4.5,7,1.54,4.56,6.38,2021-2022
2022-05-08,Leicester,Everton,A,1,2,16,10,9,4,6,1,11,6,3,0,0,0,2.6,3.3,2.75,2.74,3.3,2.83,2021-2022
2022-05-08,Norwich,West Ham,A,0,4,8,13,2,5,9,5,7,7,1,1,0,0,4.5,3.8,1.75,4.94,4.15,1.72,2021-2022
2022-05-08,Man City,Newcastle,H,5,0,21,7,9,3,8,2,6,11,1,3,0,0,1.16,7,17,1.17,8.25,18,2021-2022
2022-05-10,Aston Villa,Liverpool,A,1,2,9,17,4,6,2,3,10,12,0,0,0,0,7.5,4.75,1.4,6.6,4.5,1.54,2021-2022
2022-05-11,Leeds,Chelsea,A,0,3,5,17,0,4,1,5,10,14,1,0,1,0,4.75,4.2,1.65,4.95,4.19,1.71,2021-2022
2022-05-11,Leicester,Norwich,H,3,0,20,9,8,5,10,2,10,5,0,0,0,0,1.44,4.75,7,1.36,5.51,9.35,2021-2022
2022-05-11,Watford,Everton,D,0,0,6,16,0,5,1,13,5,12,1,2,0,0,4.2,3.6,1.83,6.01,3.79,1.68,2021-2022
2022-05-11,Wolves,Man City,A,1,5,7,16,3,5,6,2,2,10,0,1,0,0,11,6,1.25,12.79,6.75,1.25,2021-2022
2022-05-12,Tottenham,Arsenal,H,3,0,16,8,6,4,2,2,8,15,1,3,0,1,2.05,3.75,3.5,2.32,3.49,3.27,2021-2022
2022-05-15,Tottenham,Burnley,H,1,0,21,8,8,1,8,2,12,8,3,2,0,0,1.33,5.25,9,1.32,5.75,10.72,2021-2022
2022-05-15,Aston Villa,Crystal Palace,D,1,1,13,16,4,4,1,5,11,15,1,3,0,0,2,3.5,3.75,1.87,3.63,4.57,2021-2022
2022-05-15,Leeds,Brighton,D,1,1,19,16,5,6,8,1,16,8,3,2,0,0,2.62,3.5,2.62,2.73,3.45,2.73,2021-2022
2022-05-15,Watford,Leicester,A,1,5,13,13,5,7,7,3,4,6,0,1,0,0,3.8,3.5,1.95,5.54,4.01,1.67,2021-2022
2022-05-15,West Ham,Man City,D,2,2,6,31,2,8,4,9,9,5,3,1,0,0,7.5,5,1.4,8.32,5.43,1.39,2021-2022
2022-05-15,Wolves,Norwich,D,1,1,17,11,4,2,5,3,5,10,0,3,0,0,1.45,4.75,6.5,1.57,4.44,5.9,2021-2022
2022-05-15,Everton,Brentford,A,2,3,10,18,5,7,5,2,8,8,0,3,2,0,2.05,3.6,3.5,1.93,3.64,4.32,2021-2022
2022-05-16,Newcastle,Arsenal,H,2,0,16,11,4,2,12,8,11,8,0,3,0,0,4.33,3.6,1.83,4.31,3.85,1.81,2021-2022
2022-05-17,Southampton,Liverpool,A,1,2,4,24,2,5,1,9,6,6,2,0,0,0,7.5,5.5,1.33,6.93,5.24,1.45,2021-2022
2022-05-19,Everton,Crystal Palace,H,3,2,12,7,6,5,4,5,9,13,2,3,0,0,1.9,3.4,4.33,1.9,3.54,4.64,2021-2022
2022-05-19,Aston Villa,Burnley,D,1,1,22,10,9,5,13,6,11,20,0,1,0,1,2.05,3.5,3.6,2.04,3.46,4.1,2021-2022
2022-05-19,Chelsea,Leicester,D,1,1,20,2,7,1,6,0,13,7,4,1,0,0,1.4,4.75,8,1.44,4.87,7.49,2021-2022
2022-05-22,Arsenal,Everton,H,5,1,26,6,9,2,12,2,8,9,0,1,0,0,1.36,4.75,9,1.36,5.61,8.84,2021-2022
2022-05-22,Brentford,Leeds,A,1,2,14,14,5,6,3,2,11,13,2,1,1,0,2.45,3.8,2.62,2.38,3.9,2.89,2021-2022
2022-05-22,Brighton,West Ham,H,3,1,18,7,7,2,5,6,9,9,1,1,0,0,2.37,3.5,2.9,2.75,3.4,2.74,2021-2022
2022-05-22,Burnley,Newcastle,A,1,2,12,8,5,6,8,2,8,9,1,0,0,0,2.25,3.4,3.2,2.55,3.31,3.05,2021-2022
2022-05-22,Chelsea,Watford,H,2,1,19,8,8,3,3,3,9,9,0,0,0,0,1.18,7.5,15,1.18,7.58,17.72,2021-2022
2022-05-22,Crystal Palace,Man United,H,1,0,6,10,3,4,3,6,12,22,2,4,0,0,3,3.6,2.25,2.82,3.57,2.59,2021-2022
2022-05-22,Leicester,Southampton,H,4,1,12,7,6,2,3,3,10,5,0,1,0,0,1.85,4,3.8,1.7,4.39,4.67,2021-2022
2022-05-22,Liverpool,Wolves,H,3,1,29,7,8,5,5,3,6,3,1,0,0,0,1.14,8.5,15,1.14,9.75,19,2021-2022
2022-05-22,Man City,Aston Villa,H,3,2,24,4,5,2,13,1,5,11,0,1,0,0,1.16,8,17,1.17,8.4,17,2021-2022
2022-05-22,Norwich,Tottenham,A,0,5,9,19,0,13,3,2,13,7,3,1,0,0,9.5,6.5,1.25,9.82,5.51,1.34,2021-2022
